20200702,133739679,871842,4,0.9988281,G2FormationPace,360Video,ERP,7680,3840,10s,29.97fps,crf10,120957k,8bit,H265
20200702,133628276,800440,4,0.6608756,G2FormationPace,360Video,ERP,7680,3840,10s,29.97fps,QP22,30206k,8bit,H265
20200702,133541625,753788,5,1.0074678,G2FormationPace,360Video,ERP,7680,3840,10s,29.97fps,QP27,15079k,8bit,H265
20200702,133553978,766141,4,1.2876615,G2FormationPace,360Video,ERP,7680,3840,10s,29.97fps,QP32,7561k,8bit,H265
20200702,134449800,1301964,3,0.8238082,G2FormationPace,360Video,ERP,7680,3840,10s,29.97fps,QP37,3798k,8bit,H265
20200702,134230520,1162684,2,0.82259,G2FormationPace,360Video,ERP,7680,3840,10s,29.97fps,QP42,1754k,8bit,H265
20200702,134120318,1092482,5,1.7779378,G2FormationPace,360Video,ERP,6144,3072,10s,29.97fps,crf10,88060k,8bit,H265
20200702,134033627,1045791,4,1.1239843,G2FormationPace,360Video,ERP,6144,3072,10s,29.97fps,QP22,21564k,8bit,H265
20200702,134619872,1392035,4,0.9554784,G2FormationPace,360Video,ERP,6144,3072,10s,29.97fps,QP27,10890k,8bit,H265
20200702,134339124,1231288,3,1.0152237,G2FormationPace,360Video,ERP,6144,3072,10s,29.97fps,QP32,5506k,8bit,H265
20200702,134253151,1185315,3,1.0305929,G2FormationPace,360Video,ERP,6144,3072,10s,29.97fps,QP37,2741k,8bit,H265
20200702,134401763,1253927,2,0.6851692,G2FormationPace,360Video,ERP,6144,3072,10s,29.97fps,QP42,1228k,8bit,H265
20200702,133605249,777413,5,1.1469793,G2FormationPace,360Video,ERP,4096,2048,10s,29.97fps,crf10,48673k,8bit,H265
20200702,133825218,917381,4,0.9973777,G2FormationPace,360Video,ERP,4096,2048,10s,29.97fps,QP22,11921k,8bit,H265
20200702,134641652,1413815,3,0.7986884,G2FormationPace,360Video,ERP,4096,2048,10s,29.97fps,QP27,6091k,8bit,H265
20200702,134022268,1034431,3,1.7567462,G2FormationPace,360Video,ERP,4096,2048,10s,29.97fps,QP32,3042k,8bit,H265
20200702,134241692,1173856,2,1.0438158,G2FormationPace,360Video,ERP,4096,2048,10s,29.97fps,QP37,1454k,8bit,H265
20200702,134546361,1358524,2,1.2418575,G2FormationPace,360Video,ERP,4096,2048,10s,29.97fps,QP42,616k,8bit,H265
20200702,133751095,883258,3,1.3099319,G2FormationPace,360Video,ERP,3600,1800,10s,29.97fps,crf10,40026k,8bit,H265
20200702,134207544,1139708,4,0.9715604,G2FormationPace,360Video,ERP,3600,1800,10s,29.97fps,QP22,9834k,8bit,H265
20200702,133848787,940951,3,1.8926768,G2FormationPace,360Video,ERP,3600,1800,10s,29.97fps,QP27,5028k,8bit,H265
20200702,133934404,986568,3,1.1102273,G2FormationPace,360Video,ERP,3600,1800,10s,29.97fps,QP32,2494k,8bit,H265
20200702,133814104,906268,2,0.9223051,G2FormationPace,360Video,ERP,3600,1800,10s,29.97fps,QP37,1181k,8bit,H265
20200702,134218318,1150481,1,0.6768628,G2FormationPace,360Video,ERP,3600,1800,10s,29.97fps,QP42,498k,8bit,H265
20200702,134534981,1347145,3,0.9335847,G2FormationPace,360Video,ERP,2048,1024,10s,29.97fps,crf10,15940k,8bit,H265
20200702,134056380,1068544,2,1.2242594,G2FormationPace,360Video,ERP,2048,1024,10s,29.97fps,QP22,3928k,8bit,H265
20200702,133518391,730555,3,1.000592,G2FormationPace,360Video,ERP,2048,1024,10s,29.97fps,QP27,1950k,8bit,H265
20200702,133616062,788226,2,0.7549778,G2FormationPace,360Video,ERP,2048,1024,10s,29.97fps,QP32,921k,8bit,H265
20200702,134607982,1380145,1,0.6124338,G2FormationPace,360Video,ERP,2048,1024,10s,29.97fps,QP37,412k,8bit,H265
20200702,133900761,952925,1,1.9127475,G2FormationPace,360Video,ERP,2048,1024,10s,29.97fps,QP42,167k,8bit,H265