20200701,144425902,1050539,5,0.8468239,G4Alcatraz,360Video,ERP,7680,3840,10s,29.97fps,crf10,226786k,8bit,H265
20200701,144154360,898996,4,1.0012222,G4Alcatraz,360Video,ERP,7680,3840,10s,29.97fps,QP22,85273k,8bit,H265
20200701,144141410,886047,4,0.5984373,G4Alcatraz,360Video,ERP,7680,3840,10s,29.97fps,QP27,47302k,8bit,H265
20200701,144826333,1290970,5,0.8123977,G4Alcatraz,360Video,ERP,7680,3840,10s,29.97fps,QP32,24887k,8bit,H265
20200701,144438176,1062813,4,0.8847751,G4Alcatraz,360Video,ERP,7680,3840,10s,29.97fps,QP37,12663k,8bit,H265
20200701,144850963,1315599,4,0.9537059,G4Alcatraz,360Video,ERP,7680,3840,10s,29.97fps,QP42,5943k,8bit,H265
20200701,144217700,922337,5,0.6425301,G4Alcatraz,360Video,ERP,6144,3072,10s,29.97fps,crf10,184095k,8bit,H265
20200701,143930817,755454,4,0.8905794,G4Alcatraz,360Video,ERP,6144,3072,10s,29.97fps,QP22,63626k,8bit,H265
20200701,144524108,1108745,5,0.8921208,G4Alcatraz,360Video,ERP,6144,3072,10s,29.97fps,QP27,34200k,8bit,H265
20200701,144655232,1199869,4,1.1630819,G4Alcatraz,360Video,ERP,6144,3072,10s,29.97fps,QP32,17993k,8bit,H265
20200701,144017439,802075,4,1.0348985,G4Alcatraz,360Video,ERP,6144,3072,10s,29.97fps,QP37,9157k,8bit,H265
20200701,144924874,1349511,3,1.5769851,G4Alcatraz,360Video,ERP,6144,3072,10s,29.97fps,QP42,4179k,8bit,H265
20200701,144130412,875049,3,3.1690133,G4Alcatraz,360Video,ERP,4096,2048,10s,29.97fps,crf10,100813k,8bit,H265
20200701,145010414,1395050,4,0.8220028,G4Alcatraz,360Video,ERP,4096,2048,10s,29.97fps,QP22,35367k,8bit,H265
20200701,144117108,861744,4,1.731423,G4Alcatraz,360Video,ERP,4096,2048,10s,29.97fps,QP27,19339k,8bit,H265
20200701,144643705,1188341,3,1.156826,G4Alcatraz,360Video,ERP,4096,2048,10s,29.97fps,QP32,10134k,8bit,H265
20200701,144105235,849872,3,1.1485751,G4Alcatraz,360Video,ERP,4096,2048,10s,29.97fps,QP37,4943k,8bit,H265
20200701,144350381,1015018,2,0.7656575,G4Alcatraz,360Video,ERP,4096,2048,10s,29.97fps,QP42,2081k,8bit,H265
20200701,144535199,1119835,4,0.712077,G4Alcatraz,360Video,ERP,3600,1800,10s,29.97fps,crf10,82617k,8bit,H265
20200701,144752265,1256902,4,1.2034157,G4Alcatraz,360Video,ERP,3600,1800,10s,29.97fps,QP22,29210k,8bit,H265
20200701,144740961,1245598,4,1.5187278,G4Alcatraz,360Video,ERP,3600,1800,10s,29.97fps,QP27,16033k,8bit,H265
20200701,144501511,1086148,3,0.7200964,G4Alcatraz,360Video,ERP,3600,1800,10s,29.97fps,QP32,8356k,8bit,H265
20200701,144729323,1233960,3,0.9517537,G4Alcatraz,360Video,ERP,3600,1800,10s,29.97fps,QP37,4007k,8bit,H265
20200701,144546358,1130994,2,1.0603394,G4Alcatraz,360Video,ERP,3600,1800,10s,29.97fps,QP42,1641k,8bit,H265
20200701,144412766,1037403,4,1.0549413,G4Alcatraz,360Video,ERP,2048,1024,10s,29.97fps,crf10,31544k,8bit,H265
20200701,144608955,1153592,3,1.0735687,G4Alcatraz,360Video,ERP,2048,1024,10s,29.97fps,QP22,11608k,8bit,H265
20200701,144557841,1142477,3,1.4427866,G4Alcatraz,360Video,ERP,2048,1024,10s,29.97fps,QP27,6386k,8bit,H265
20200701,143953491,778127,2,1.1237087,G4Alcatraz,360Video,ERP,2048,1024,10s,29.97fps,QP32,3200k,8bit,H265
20200701,144401674,1026311,2,1.237101,G4Alcatraz,360Video,ERP,2048,1024,10s,29.97fps,QP37,1421k,8bit,H265
20200701,144316772,981409,2,1.1673974,G4Alcatraz,360Video,ERP,2048,1024,10s,29.97fps,QP42,518k,8bit,H265