20200701,135722495,797267,4,1.621566,G4Alcatraz,360Video,ERP,7680,3840,10s,29.97fps,crf10,226786k,8bit,H265
20200701,135919399,914172,5,0.82776,G4Alcatraz,360Video,ERP,7680,3840,10s,29.97fps,QP22,85273k,8bit,H265
20200701,140717056,1391829,5,0.8835181,G4Alcatraz,360Video,ERP,7680,3840,10s,29.97fps,QP27,47302k,8bit,H265
20200701,140042918,997691,4,0.8945446,G4Alcatraz,360Video,ERP,7680,3840,10s,29.97fps,QP32,24887k,8bit,H265
20200701,140534147,1288920,4,1.19585,G4Alcatraz,360Video,ERP,7680,3840,10s,29.97fps,QP37,12663k,8bit,H265
20200701,140424526,1219299,2,3.1601034,G4Alcatraz,360Video,ERP,7680,3840,10s,29.97fps,QP42,5943k,8bit,H265
20200701,140205751,1080524,4,1.2967361,G4Alcatraz,360Video,ERP,6144,3072,10s,29.97fps,crf10,184095k,8bit,H265
20200701,135831045,865818,5,1.0168121,G4Alcatraz,360Video,ERP,6144,3072,10s,29.97fps,QP22,63626k,8bit,H265
20200701,135756596,831369,4,1.16463,G4Alcatraz,360Video,ERP,6144,3072,10s,29.97fps,QP27,34200k,8bit,H265
20200701,140106294,1021067,4,1.1410394,G4Alcatraz,360Video,ERP,6144,3072,10s,29.97fps,QP32,17993k,8bit,H265
20200701,140030641,985414,3,0.9113336,G4Alcatraz,360Video,ERP,6144,3072,10s,29.97fps,QP37,9157k,8bit,H265
20200701,140054299,1009071,3,0.7477051,G4Alcatraz,360Video,ERP,6144,3072,10s,29.97fps,QP42,4179k,8bit,H265
20200701,140522533,1277306,3,1.8274647,G4Alcatraz,360Video,ERP,4096,2048,10s,29.97fps,crf10,100813k,8bit,H265
20200701,140313933,1148706,4,0.8387591,G4Alcatraz,360Video,ERP,4096,2048,10s,29.97fps,QP22,35367k,8bit,H265
20200701,135907181,901954,3,1.2074912,G4Alcatraz,360Video,ERP,4096,2048,10s,29.97fps,QP27,19339k,8bit,H265
20200701,135657262,772034,3,1.3114109,G4Alcatraz,360Video,ERP,4096,2048,10s,29.97fps,QP32,10134k,8bit,H265
20200701,140619359,1334132,2,0.6890488,G4Alcatraz,360Video,ERP,4096,2048,10s,29.97fps,QP37,4943k,8bit,H265
20200701,135708038,782811,2,0.6586456,G4Alcatraz,360Video,ERP,4096,2048,10s,29.97fps,QP42,2081k,8bit,H265
20200701,140447312,1242085,3,1.1257058,G4Alcatraz,360Video,ERP,3600,1800,10s,29.97fps,crf10,82617k,8bit,H265
20200701,140129640,1044413,3,1.351325,G4Alcatraz,360Video,ERP,3600,1800,10s,29.97fps,QP22,29210k,8bit,H265
20200701,140509932,1264705,3,0.8598143,G4Alcatraz,360Video,ERP,3600,1800,10s,29.97fps,QP27,16033k,8bit,H265
20200701,140335982,1170754,3,0.8262674,G4Alcatraz,360Video,ERP,3600,1800,10s,29.97fps,QP32,8356k,8bit,H265
20200701,135943761,938534,3,0.9815484,G4Alcatraz,360Video,ERP,3600,1800,10s,29.97fps,QP37,4007k,8bit,H265
20200701,140608540,1323313,2,1.09234,G4Alcatraz,360Video,ERP,3600,1800,10s,29.97fps,QP42,1641k,8bit,H265
20200701,140019259,974031,2,1.0805444,G4Alcatraz,360Video,ERP,2048,1024,10s,29.97fps,crf10,31544k,8bit,H265
20200701,140008133,962905,2,1.2080231,G4Alcatraz,360Video,ERP,2048,1024,10s,29.97fps,QP22,11608k,8bit,H265
20200701,140750621,1425393,2,1.1112103,G4Alcatraz,360Video,ERP,2048,1024,10s,29.97fps,QP27,6386k,8bit,H265
20200701,135634922,749695,2,0.901937,G4Alcatraz,360Video,ERP,2048,1024,10s,29.97fps,QP32,3200k,8bit,H265
20200701,140217670,1092443,1,1.883503,G4Alcatraz,360Video,ERP,2048,1024,10s,29.97fps,QP37,1421k,8bit,H265
20200701,140458960,1253733,1,1.6130745,G4Alcatraz,360Video,ERP,2048,1024,10s,29.97fps,QP42,518k,8bit,H265